,date,confirmed,recovered,deaths,treatment,newConfirmed,newRecovered,newDeaths,newTreatment,avg7Confirmed,avg7Recovered,avg7Deaths,avg7Treatment,updatedAt
0,2020-02-25 00:00:00+00:00,7728,4062,575,13332,186,94,7,397,183.71,129.14,6.57,368.43,2020-05-21T22:20:27.306Z
1,2020-03-17 00:00:00+00:00,2500,1590,210,4500,12,34,5,40,12.0,11.0,5.0,20.0,
2,2020-02-25 00:00:00+00:00,1,0,0,0,1,0,0,0,0.14,0.0,0.0,0.0,2020-05-20T22:00:00.827Z
3,2020-02-26 00:00:00+00:00,1,0,0,0,0,0,0,0,0.14,0.0,0.0,0.0,2020-05-20T22:00:01.022Z
4,2020-02-27 00:00:00+00:00,1,0,0,0,0,0,0,0,0.14,0.0,0.0,0.0,2020-05-20T22:00:01.211Z
5,2020-02-28 00:00:00+00:00,1,0,0,0,0,0,0,0,0.14,0.0,0.0,0.0,2020-05-20T22:00:01.407Z
6,2020-02-29 00:00:00+00:00,1,0,0,0,0,0,0,0,0.14,0.0,0.0,0.0,2020-05-20T22:00:01.597Z
7,2020-03-01 00:00:00+00:00,1,0,0,0,0,0,0,0,0.14,0.0,0.0,0.0,2020-05-20T22:00:01.794Z
8,2020-03-02 00:00:00+00:00,5,0,0,0,4,0,0,0,0.71,0.0,0.0,0.0,2020-05-20T22:00:02.010Z
9,2020-03-03 00:00:00+00:00,8,0,0,0,3,0,0,0,1.0,0.0,0.0,0.0,2020-05-20T22:00:02.198Z
10,2020-03-04 00:00:00+00:00,17,0,0,0,9,0,0,0,2.29,0.0,0.0,0.0,2020-05-20T22:00:02.391Z
11,2020-03-05 00:00:00+00:00,17,0,0,0,0,0,0,0,2.29,0.0,0.0,0.0,2020-05-20T22:00:02.595Z
12,2020-03-06 00:00:00+00:00,17,0,0,0,0,0,0,0,2.29,0.0,0.0,0.0,2020-05-20T22:00:02.796Z
13,2020-03-07 00:00:00+00:00,19,0,0,0,2,0,0,0,2.5700000000000003,0.0,0.0,0.0,2020-05-20T22:00:02.992Z
14,2020-03-08 00:00:00+00:00,20,0,0,0,1,0,0,0,2.71,0.0,0.0,0.0,2020-05-20T22:00:03.183Z
15,2020-03-09 00:00:00+00:00,20,0,0,0,0,0,0,0,2.14,0.0,0.0,0.0,2020-05-20T22:00:03.380Z
16,2020-03-10 00:00:00+00:00,20,0,0,0,0,0,0,0,1.71,0.0,0.0,0.0,2020-05-20T22:00:03.561Z
17,2020-03-11 00:00:00+00:00,24,0,0,0,4,0,0,0,1.0,0.0,0.0,0.0,2020-05-20T22:00:03.750Z
18,2020-03-12 00:00:00+00:00,26,8,1,0,2,8,1,0,1.29,1.1400000000000001,0.14,0.0,2020-05-20T22:00:03.942Z
19,2020-03-13 00:00:00+00:00,27,8,2,0,1,0,1,0,1.43,1.1400000000000001,0.29,0.0,2020-05-20T22:00:04.132Z
20,2020-03-14 00:00:00+00:00,37,10,3,0,10,2,1,0,2.5700000000000003,1.43,0.43,0.0,2020-05-20T22:00:04.311Z
21,2020-03-15 00:00:00+00:00,48,12,4,0,11,2,1,0,4.0,1.71,0.5700000000000001,0.0,2020-05-20T22:00:04.493Z
22,2020-03-16 00:00:00+00:00,54,12,4,0,6,0,0,0,4.86,1.71,0.5700000000000001,0.0,2020-05-20T22:00:04.682Z
23,2020-03-17 00:00:00+00:00,60,12,4,0,6,0,0,0,5.71,1.71,0.5700000000000001,0.0,2020-05-20T22:00:04.868Z
24,2020-03-18 00:00:00+00:00,74,12,6,0,14,0,2,0,7.14,1.71,0.86,0.0,2020-05-20T22:00:05.043Z
25,2020-03-19 00:00:00+00:00,90,12,9,0,16,0,3,0,9.14,0.5700000000000001,1.1400000000000001,0.0,2020-05-20T22:00:05.218Z
26,2020-03-20 00:00:00+00:00,102,12,11,0,12,0,2,0,10.71,0.5700000000000001,1.29,0.0,2020-05-20T22:00:05.411Z
27,2020-03-21 00:00:00+00:00,139,22,15,0,37,10,4,0,14.57,1.71,1.71,0.0,2020-05-20T22:00:05.606Z
28,2020-03-22 00:00:00+00:00,201,23,17,0,62,1,2,0,21.86,1.57,1.8599999999999999,0.0,2020-05-20T22:00:05.784Z
29,2020-03-23 00:00:00+00:00,230,23,17,0,29,0,0,0,25.14,1.57,1.8599999999999999,0.0,2020-05-20T22:00:05.953Z
30,2020-03-24 00:00:00+00:00,264,24,19,0,34,1,2,0,29.14,1.71,2.14,0.0,2020-05-20T22:00:06.140Z
31,2020-03-25 00:00:00+00:00,302,24,21,0,38,0,2,0,32.57,1.71,2.14,0.0,2020-05-20T22:00:06.281Z
32,2020-03-26 00:00:00+00:00,367,29,25,0,65,5,4,0,39.57,2.43,2.29,0.0,2020-05-20T22:00:06.471Z
33,2020-03-27 00:00:00+00:00,409,29,26,0,42,0,1,0,43.86,2.43,2.14,0.0,2020-05-20T22:00:06.659Z
34,2020-03-28 00:00:00+00:00,454,31,29,0,45,2,3,0,45.0,1.29,2.0,0.0,2020-05-20T22:00:06.844Z
35,2020-03-29 00:00:00+00:00,511,31,31,0,57,0,2,0,44.29,1.1400000000000001,2.0,0.0,2020-05-20T22:00:08.038Z
36,2020-03-30 00:00:00+00:00,584,37,35,0,73,6,4,0,50.57,2.0,2.5700000000000003,0.0,2020-05-20T22:00:08.503Z
37,2020-03-31 00:00:00+00:00,716,46,44,0,132,9,9,0,64.57,3.14,3.5700000000000003,0.0,2020-05-20T22:00:08.714Z
38,2020-04-01 00:00:00+00:00,847,61,58,0,131,15,14,0,77.86,5.29,5.29,0.0,2020-05-20T22:00:08.911Z
39,2020-04-02 00:00:00+00:00,986,61,83,0,139,0,25,0,88.43,4.57,8.29,0.0,2020-05-20T22:00:09.114Z
40,2020-04-03 00:00:00+00:00,1171,62,105,419,185,1,22,419,108.86,4.71,11.29,59.86,2020-05-20T22:00:09.296Z
41,2020-04-04 00:00:00+00:00,1251,90,130,626,80,28,25,207,113.86,8.43,14.43,89.43,2020-05-20T22:00:09.498Z
42,2020-04-05 00:00:00+00:00,1320,90,152,626,69,0,22,0,115.57,8.43,17.29,89.43,2020-05-20T22:00:09.690Z
43,2020-04-06 00:00:00+00:00,1423,90,173,626,103,0,21,0,119.86,7.57,19.71,89.43,2020-05-20T22:00:09.875Z
44,2020-04-07 00:00:00+00:00,1468,113,193,626,45,23,20,0,107.43,9.57,21.29,89.43,2020-05-20T22:00:10.055Z
45,2020-04-08 00:00:00+00:00,1572,237,205,1248,104,124,12,622,103.57,25.14,21.0,178.29,2020-05-20T22:00:10.198Z
46,2020-04-09 00:00:00+00:00,1666,347,235,1704,94,110,30,456,97.14,40.86,21.71,243.43,2020-05-20T22:00:10.396Z
47,2020-04-10 00:00:00+00:00,1761,405,256,1712,95,58,21,8,84.29,49.0,21.57,184.71,2020-05-20T22:00:10.594Z
48,2020-04-11 00:00:00+00:00,1825,460,275,1722,64,55,19,10,82.0,52.86,20.71,156.57,2020-05-20T22:00:10.771Z
49,2020-04-12 00:00:00+00:00,1914,591,293,1729,89,131,18,7,84.86,71.57,20.14,157.57,2020-05-20T22:00:10.961Z
50,2020-04-13 00:00:00+00:00,1983,601,313,2679,69,10,20,950,80.0,73.0,20.0,293.29,2020-05-20T22:00:11.130Z
51,2020-04-14 00:00:00+00:00,2070,691,326,2890,87,90,13,211,86.0,82.57,19.0,323.43,2020-05-20T22:00:11.275Z
52,2020-04-15 00:00:00+00:00,2160,708,336,3213,90,17,10,323,84.0,67.29,18.71,280.71,2020-05-20T22:00:11.475Z
53,2020-04-16 00:00:00+00:00,2268,783,348,3495,108,75,12,282,86.0,62.29,16.14,255.86,2020-05-20T22:00:11.680Z
54,2020-04-17 00:00:00+00:00,2418,846,364,3635,150,63,16,140,93.86,63.0,15.43,274.71,2020-05-20T22:00:11.867Z
55,2020-04-18 00:00:00+00:00,2534,894,367,4076,116,48,3,441,101.29,62.0,13.14,336.29,2020-05-20T22:00:12.026Z
56,2020-04-19 00:00:00+00:00,2629,1047,375,4156,95,153,8,80,102.14,65.14,11.71,346.71,2020-05-20T22:00:12.164Z
57,2020-04-20 00:00:00+00:00,2718,1099,384,4205,89,52,9,49,105.0,71.14,10.14,218.0,2020-05-20T22:00:12.356Z
58,2020-04-21 00:00:00+00:00,2811,1152,392,4527,93,53,8,322,105.86,65.86,9.43,233.86,2020-05-20T22:00:12.545Z
59,2020-04-22 00:00:00+00:00,2910,1204,402,4852,99,52,10,325,107.14,70.86,9.43,234.14,2020-05-20T22:00:12.739Z
60,2020-04-23 00:00:00+00:00,3007,1355,407,5235,97,151,5,383,105.57,81.71,8.43,248.57,2020-05-20T22:00:12.922Z
61,2020-04-24 00:00:00+00:00,3127,1408,415,5433,120,53,8,198,101.29,80.29,7.29,256.86,2020-05-20T22:00:13.124Z
62,2020-04-25 00:00:00+00:00,3256,1479,419,5644,129,71,4,211,103.14,83.57,7.43,224.0,2020-05-20T22:00:13.292Z
63,2020-04-26 00:00:00+00:00,3382,1508,425,5863,126,29,6,219,107.57,65.86,7.14,243.86,2020-05-20T22:00:13.502Z
64,2020-04-27 00:00:00+00:00,3517,1558,432,6174,135,50,7,311,114.14,65.57,6.86,281.29,2020-05-20T22:00:13.696Z
65,2020-04-28 00:00:00+00:00,3649,1651,437,6424,132,93,5,250,119.71,71.29,6.43,271.0,2020-05-20T22:00:13.880Z
66,2020-04-29 00:00:00+00:00,3848,1702,444,6666,199,51,7,242,134.0,71.14,6.0,259.14,2020-05-20T22:00:14.047Z
67,2020-04-30 00:00:00+00:00,4006,1779,450,6805,158,77,6,139,142.71,60.57,6.14,224.29,2020-05-20T22:00:14.230Z
68,2020-05-01 00:00:00+00:00,4154,1821,453,7026,148,42,3,221,146.71,59.0,5.43,227.57,2020-05-20T22:00:14.364Z
69,2020-05-02 00:00:00+00:00,4295,1872,459,7305,141,51,6,279,148.43,56.14,5.71,237.29,2020-05-20T22:00:14.495Z
70,2020-05-03 00:00:00+00:00,4474,1936,463,7373,179,64,4,68,156.0,61.14,5.43,215.71,2020-05-20T22:00:14.680Z
71,2020-05-04 00:00:00+00:00,4648,1998,465,7710,174,62,2,337,161.57,62.86,4.71,219.43,2020-05-20T22:00:14.823Z
72,2020-05-05 00:00:00+00:00,4838,2067,470,7994,190,69,5,284,169.86,59.43,4.71,224.29,2020-05-20T22:00:15.005Z
73,2020-05-06 00:00:00+00:00,4997,2197,476,8298,159,130,6,304,164.14,70.71,4.57,233.14,2020-05-20T22:00:15.160Z
74,2020-05-07 00:00:00+00:00,5182,2323,483,8706,185,126,7,408,168.0,77.71,4.71,271.57,2020-05-20T22:00:15.364Z
75,2020-05-08 00:00:00+00:00,5369,2467,488,8880,187,144,5,174,173.57,92.29,5.0,264.86,2020-05-20T22:00:15.507Z
76,2020-05-09 00:00:00+00:00,5558,2546,494,9157,189,79,6,277,180.43,96.29,5.0,264.57,2020-05-20T22:00:15.644Z
77,2020-05-10 00:00:00+00:00,5723,2678,502,9323,165,132,8,166,178.43,106.0,5.57,278.57,2020-05-20T22:00:15.856Z
78,2020-05-11 00:00:00+00:00,5891,2841,507,9557,168,163,5,234,177.57,120.43,6.0,263.86,2020-05-20T22:00:16.329Z
79,2020-05-12 00:00:00+00:00,6067,2998,515,9876,176,157,8,319,175.57,133.0,6.43,268.86,2020-05-20T22:00:16.455Z
80,2020-05-13 00:00:00+00:00,6253,3058,522,10307,186,60,7,431,179.43,123.0,6.57,287.0,2020-05-20T22:00:16.639Z
81,2020-05-14 00:00:00+00:00,6442,3158,529,10753,189,100,7,446,180.0,119.29,6.57,292.43,2020-05-20T22:00:16.798Z
82,2020-05-15 00:00:00+00:00,6629,3271,536,11246,187,113,7,493,180.0,114.86,6.86,338.0,2020-05-20T22:00:16.944Z
83,2020-05-16 00:00:00+00:00,6821,3409,542,11472,192,138,6,226,180.43,123.29,6.86,330.71,2020-05-20T22:00:17.076Z
84,2020-05-17 00:00:00+00:00,7019,3507,548,11754,198,98,6,282,185.14,118.43,6.57,347.29,2020-05-20T22:00:17.247Z
85,2020-05-18 00:00:00+00:00,7201,3625,555,12002,182,118,7,248,187.14,112.0,6.86,349.29,2020-05-20T22:00:17.430Z
86,2020-05-19 00:00:00+00:00,7377,3746,561,12433,176,121,6,431,187.14,106.86,6.57,365.29,2020-05-20T22:00:17.575Z
87,2020-05-20 00:00:00+00:00,7542,3968,568,12935,165,222,7,502,184.14,130.0,6.57,375.43,2020-05-20T22:00:17.744Z
88,2020-05-21 00:00:00+00:00,7728,4062,575,13332,186,94,7,397,183.71,129.14,6.57,368.43,2020-05-21T22:40:47.621Z
89,2020-05-22 00:00:00+00:00,7918,4256,582,13732,190,194,7,400,184.14,140.71,6.57,355.14,2020-05-22T16:06:53.607Z
90,2020-05-23 00:00:00+00:00,8113,4426,592,14059,195,170,10,327,184.57,145.29,7.14,369.57,2020-05-23T15:49:23.156Z
91,2020-05-24 00:00:00+00:00,8306,4578,600,14776,193,152,8,717,183.86,153.0,7.43,431.71,2020-05-24T16:48:46.162Z
92,2020-05-25 00:00:00+00:00,8503,4747,609,27,197,169,9,-14749,186.0,160.29,7.71,-1710.71,2020-05-25T16:36:06.933Z
93,2020-05-26 00:00:00+00:00,8697,4918,617,31,194,171,8,4,188.57,167.43,8.0,-1771.71,2020-05-26T16:46:11.361Z
94,2020-05-27 00:00:00+00:00,8857,5129,623,15743,160,211,6,343,187.86,165.86,7.86,401.14,2020-05-27T19:28:53.930Z
95,2020-05-28 00:00:00+00:00,8997,5277,630,16149,140,148,7,406,181.29,173.57,7.86,402.43,2020-05-29T14:05:39.539Z
96,2020-05-29 00:00:00+00:00,9134,5422,638,16792,137,145,8,643,173.71,166.57,8.0,437.14,2020-05-29T17:29:20.860Z
97,2020-05-30 00:00:00+00:00,9267,5549,646,17445,133,127,8,653,164.86,160.43,7.71,483.71,2020-05-30T17:13:46.241Z
98,2020-05-31 00:00:00+00:00,9394,5748,653,17753,127,199,7,308,155.43,167.14,7.57,425.29,2020-05-31T17:03:55.476Z
99,2020-06-01 00:00:00+00:00,9513,5894,661,18470,119,146,8,717,144.29,163.86,7.43,493.86,2020-06-01T16:40:41.906Z
100,2020-06-02 00:00:00+00:00,9626,6067,667,18545,113,173,6,75,132.71,164.14,7.14,449.29,2020-06-02T17:19:50.515Z
101,2020-06-03 00:00:00+00:00,9733,6218,673,18681,107,151,6,136,125.14,155.57,7.14,419.71,2020-06-03T17:01:23.520Z
102,2020-06-04 00:00:00+00:00,9831,6297,681,18853,98,79,8,172,119.14,145.71,7.29,386.29,2020-06-04T16:43:34.251Z
103,2020-06-05 00:00:00+00:00,9935,6453,690,18950,104,156,9,97,114.43,147.29,7.43,308.29,2020-06-05T17:10:29.333Z
104,2020-06-06 00:00:00+00:00,10050,6631,698,19406,115,178,8,456,111.86,154.57,7.43,280.14,2020-06-06T17:45:38.429Z
105,2020-06-07 00:00:00+00:00,10154,6717,707,19792,104,86,9,386,108.57,138.43,7.71,291.29,2020-06-07T18:44:21.406Z
106,2020-06-08 00:00:00+00:00,10265,6799,715,20058,111,82,8,266,107.43,129.29,7.71,226.86,2020-06-08T17:55:26.684Z
107,2020-06-09 00:00:00+00:00,10382,6951,724,20578,117,152,9,520,108.0,126.29,8.14,290.43,2020-06-09T18:41:29.404Z
108,2020-06-10 00:00:00+00:00,10484,7074,732,20904,102,123,8,326,107.29,122.29,8.43,317.57,2020-06-10T17:20:00.255Z
109,2020-06-11 00:00:00+00:00,10589,7254,741,21213,105,180,9,309,108.29,136.71,8.57,337.14,2020-06-11T18:02:42.530Z
110,2020-06-12 00:00:00+00:00,10698,7322,751,21544,109,68,10,331,109.0,124.14,8.71,370.57,2020-06-12T18:35:14.171Z
111,2020-06-13 00:00:00+00:00,10810,7420,760,21750,112,98,9,206,108.57,112.71,8.86,334.86,2020-06-13T16:56:36.290Z
112,2020-06-14 00:00:00+00:00,10919,7606,767,22282,109,186,7,532,109.29,127.0,8.57,355.71,2020-06-14T16:26:16.731Z
113,2020-06-15 00:00:00+00:00,11031,7735,777,22539,112,129,10,257,109.43,133.71,8.86,354.43,2020-06-15T17:38:18.595Z
114,2020-06-16 00:00:00+00:00,11147,7842,788,22965,116,107,11,426,109.29,127.29,9.14,341.0,2020-06-16T16:48:24.714Z
115,2020-06-17 00:00:00+00:00,11268,7943,799,23632,121,101,11,667,112.0,124.14,9.57,389.71,2020-06-17T16:34:51.927Z
116,2020-06-18 00:00:00+00:00,11385,8078,811,24184,117,135,12,552,113.71,117.71,10.0,424.43,2020-06-18T19:10:56.923Z
117,2020-06-19 00:00:00+00:00,11504,8196,825,24603,119,118,14,419,115.14,124.86,10.57,437.0,2020-06-19T16:57:19.137Z
118,2020-06-20 00:00:00+00:00,11631,8324,837,24941,127,128,12,338,117.29,129.14,11.0,455.86,2020-06-20T17:06:32.113Z
119,2020-06-21 00:00:00+00:00,11771,8422,845,25422,140,98,8,481,121.71,116.57,11.14,448.57,2020-06-21T16:58:56.230Z
120,2020-06-22 00:00:00+00:00,11920,8559,852,25598,149,137,7,176,127.0,117.71,10.71,437.0,2020-06-22T20:13:43.157Z
121,2020-06-23 00:00:00+00:00,12077,8674,861,26204,157,115,9,606,132.86,118.86,10.43,462.71,2020-06-23T17:34:43.476Z
122,2020-06-24 00:00:00+00:00,12248,8792,869,26631,171,118,8,427,140.0,121.29,10.0,428.43,2020-06-24T16:44:08.491Z
123,2020-06-25 00:00:00+00:00,12445,8920,878,27330,197,128,9,699,151.43,120.29,9.57,449.43,2020-06-25T16:34:29.456Z
124,2020-06-26 00:00:00+00:00,12685,9066,885,29832,240,146,7,2502,168.71,124.29,8.57,747.0,2020-06-26T17:06:44.164Z
125,2020-06-27 00:00:00+00:00,12968,9202,892,30345,283,136,7,513,191.0,125.43,7.86,772.0,2020-06-27T16:43:11.798Z
126,2020-06-28 00:00:00+00:00,13273,9371,897,30345,305,169,5,0,214.57,135.57,7.43,703.29,2020-06-28T16:09:08.734Z
127,2020-06-29 00:00:00+00:00,13571,9674,905,30345,298,303,8,0,235.86,159.29,7.57,678.14,2020-06-29T16:16:08.324Z
128,2020-06-30 00:00:00+00:00,13907,9897,912,30345,336,223,7,0,261.43,174.71,7.29,591.57,2020-06-30T16:27:08.910Z
129,2020-07-01 00:00:00+00:00,14272,10040,920,30345,365,143,8,0,289.14,178.29,7.29,530.57,2020-07-01T16:32:08.092Z
130,2020-07-02 00:00:00+00:00,14657,10342,928,30345,385,302,8,0,316.0,203.14,7.14,430.71,2020-07-02T16:15:10.166Z
131,2020-07-03 00:00:00+00:00,15070,10832,937,30345,413,490,9,0,340.71,252.29,7.43,73.29,2020-07-03T16:53:05.860Z
132,2020-07-04 00:00:00+00:00,15500,11181,946,30345,430,349,9,0,361.71,282.71,7.71,4335.0,2020-07-04T16:10:07.793Z
133,2020-07-05 00:00:00+00:00,15941,11492,952,30345,441,311,6,0,381.14,303.0,7.86,4335.0,2020-07-05T16:14:08.400Z
134,2020-07-06 00:00:00+00:00,16404,11884,959,30345,463,392,7,0,404.71,315.71,7.71,4335.0,2020-07-06T16:08:07.922Z
135,2020-07-07 00:00:00+00:00,16879,12094,968,30345,475,210,9,0,424.57,313.86,8.0,4335.0,2020-07-07T16:18:08.274Z
136,2020-07-08 00:00:00+00:00,17348,12329,978,30345,469,235,10,0,439.43,327.0,8.29,4335.0,2020-07-08T16:09:08.276Z
137,2020-07-09 00:00:00+00:00,17808,12637,988,30345,460,308,10,0,450.14,327.86,8.57,4335.0,2020-07-09T15:13:22.696Z
138,2020-07-10 00:00:00+00:00,18242,13124,996,30345,434,487,8,0,453.14,327.43,8.43,4335.0,2020-07-10T16:33:08.373Z
139,2020-07-11 00:00:00+00:00,18712,13375,1004,30345,470,251,8,0,458.86,313.43,8.29,4335.0,2020-07-11T16:15:07.852Z
140,2020-07-12 00:00:00+00:00,19195,13743,1011,30345,483,368,7,0,464.86,321.57,8.43,4335.0,2020-07-12T16:06:07.322Z
141,2020-07-13 00:00:00+00:00,19689,14019,1018,30345,494,276,7,0,469.29,305.0,8.43,4335.0,2020-07-13T16:08:07.631Z
142,2020-07-14 00:00:00+00:00,20216,14351,1028,30345,527,332,10,0,476.71,322.43,8.57,4335.0,2020-07-14T16:10:09.188Z
143,2020-07-15 00:00:00+00:00,20770,14792,1040,30345,554,441,12,0,488.86,351.86,8.86,4335.0,2020-07-15T16:16:07.427Z
144,2020-07-16 00:00:00+00:00,21355,15107,1052,30345,585,315,12,0,506.71,352.86,9.14,4335.0,2020-07-16T16:20:10.039Z
145,2020-07-17 00:00:00+00:00,21948,15430,1057,30345,593,323,5,0,529.43,329.43,8.71,4335.0,2020-07-17T16:12:08.278Z
146,2020-07-18 00:00:00+00:00,22549,15744,1068,30345,601,314,11,0,548.14,338.43,9.14,4335.0,2020-07-18T16:04:08.320Z
147,2020-07-19 00:00:00+00:00,23084,16051,1078,30345,535,307,10,0,555.57,329.71,9.57,4335.0,2020-07-19T16:13:08.480Z
148,2020-07-20 00:00:00+00:00,23691,16400,1087,30345,607,349,9,0,571.71,340.14,9.86,4335.0,2020-07-20T16:14:08.340Z
149,2020-07-21 00:00:00+00:00,24278,16646,1100,30345,587,246,13,0,580.29,327.86,10.29,4335.0,2020-07-21T16:17:08.130Z
150,2020-07-22 00:00:00+00:00,24872,16983,1111,30345,594,337,11,0,586.0,313.0,10.14,4335.0,2020-07-22T16:32:07.914Z
151,2020-07-23 00:00:00+00:00,25484,17369,1124,30345,612,386,13,0,589.86,323.14,10.29,4335.0,2020-07-23T16:16:09.101Z
152,2020-07-24 00:00:00+00:00,26159,17693,1136,30345,675,324,12,0,601.57,323.29,11.29,4335.0,2020-07-24T16:25:07.994Z
153,2020-07-25 00:00:00+00:00,26764,18076,1146,30345,605,383,10,0,602.14,333.14,11.14,4335.0,2020-07-25T16:12:06.904Z
154,2020-07-26 00:00:00+00:00,27357,18471,1155,30345,593,395,9,0,610.43,345.71,11.0,4335.0,2020-07-26T16:21:08.274Z
155,2020-07-27 00:00:00+00:00,27973,18837,1163,30345,616,366,8,0,611.71,348.14,10.86,4335.0,2020-07-27T16:12:11.449Z
156,2020-07-28 00:00:00+00:00,28615,19233,1174,30345,642,396,11,0,619.57,369.57,10.57,4335.0,2020-07-28T17:21:08.262Z
157,2020-07-29 00:00:00+00:00,29229,19592,1186,30345,614,359,12,0,622.43,372.71,10.71,4335.0,2020-07-29T16:50:09.652Z
158,2020-07-30 00:00:00+00:00,29831,20082,1200,30345,602,490,14,0,621.0,387.57,10.86,4335.0,2020-07-30T16:26:08.474Z
159,2020-07-31 00:00:00+00:00,30394,20537,1210,30345,563,455,10,0,605.0,406.29,10.57,4335.0,2020-07-31T16:25:05.419Z
160,2020-08-01 00:00:00+00:00,30950,20988,1223,30345,556,451,13,0,598.0,416.0,11.0,4335.0,2020-08-01T16:26:07.377Z
161,2020-08-02 00:00:00+00:00,31465,21419,1231,30345,515,431,8,0,586.86,421.14,10.86,4335.0,2020-08-02T16:32:07.780Z
162,2020-08-03 00:00:00+00:00,31972,21901,1239,30345,507,482,8,0,571.29,437.71,10.86,4335.0,2020-08-03T16:45:08.521Z
163,2020-08-04 00:00:00+00:00,32504,22375,1248,30345,532,474,9,0,555.57,448.86,10.57,4335.0,2020-08-04T16:43:06.959Z
164,2020-08-05 00:00:00+00:00,33055,22802,1261,30345,551,427,13,0,546.57,458.57,10.71,4335.0,2020-08-05T16:33:07.936Z
165,2020-08-06 00:00:00+00:00,33626,23238,1273,30345,571,436,12,0,542.14,450.86,10.43,4335.0,2020-08-06T16:29:07.494Z
166,2020-08-07 00:00:00+00:00,34155,23667,1282,30345,529,429,9,0,537.29,447.14,10.29,4335.0,2020-08-07T16:10:08.113Z
167,2020-08-08 00:00:00+00:00,34693,24083,1293,30345,538,416,11,0,534.71,442.14,10.0,4335.0,2020-08-08T16:25:07.033Z
168,2020-08-09 00:00:00+00:00,35214,24506,1302,30345,521,423,9,0,535.57,441.0,10.14,4335.0,2020-08-09T16:24:07.581Z
169,2020-08-10 00:00:00+00:00,35712,24920,1312,30345,498,414,10,0,534.29,431.29,10.43,4335.0,2020-08-10T16:30:13.102Z
170,2020-08-11 00:00:00+00:00,36204,25263,1322,30345,492,343,10,0,528.57,412.57,10.57,4335.0,2020-08-11T16:16:08.025Z
171,2020-08-12 00:00:00+00:00,36699,25627,1333,30345,495,364,11,0,520.57,403.57,10.29,4335.0,2020-08-12T16:15:09.523Z
172,2020-08-13 00:00:00+00:00,37187,26004,1341,30345,488,377,8,0,508.71,395.14,9.71,4335.0,2020-08-13T16:13:07.610Z
173,2020-08-14 00:00:00+00:00,37664,26308,1351,30345,477,304,10,0,501.29,377.29,9.86,4335.0,2020-08-14T16:14:08.007Z
174,2020-08-15 00:00:00+00:00,38133,26644,1360,30345,469,336,9,0,491.43,365.86,9.57,4335.0,2020-08-15T16:31:07.514Z
175,2020-08-16 00:00:00+00:00,38583,27017,1370,30345,450,373,10,0,481.29,358.71,9.71,4335.0,2020-08-16T16:21:07.955Z
176,2020-08-17 00:00:00+00:00,39025,27347,1379,30345,442,330,9,0,473.29,346.71,9.57,4335.0,2020-08-17T16:06:08.786Z
177,2020-08-18 00:00:00+00:00,39444,27653,1391,30345,419,306,12,0,462.86,341.43,9.86,4335.0,2020-08-18T16:14:08.494Z
178,2020-08-19 00:00:00+00:00,39847,27971,1402,30345,403,318,11,0,449.71,334.86,9.86,4335.0,2020-08-19T16:20:08.889Z
179,2020-08-20 00:00:00+00:00,40258,28281,1411,30345,411,310,9,0,438.71,325.29,10.0,4335.0,2020-08-20T19:52:08.743Z
180,2020-08-21 00:00:00+00:00,40667,28587,1418,30345,409,306,7,0,429.0,325.57,9.57,4335.0,2020-08-22T20:25:58.797Z
181,2020-08-22 00:00:00+00:00,41068,28874,1424,30345,401,287,6,0,419.29,318.57,9.14,4335.0,2020-08-22T20:28:12.946Z
182,2020-08-23 00:00:00+00:00,41460,29142,1435,30345,392,268,11,0,411.0,303.57,9.29,4335.0,2020-08-23T16:14:07.344Z
183,2020-08-24 00:00:00+00:00,41858,29369,1446,30345,398,227,11,0,404.71,288.86,9.57,4335.0,2020-08-24T15:59:07.636Z
184,2020-08-25 00:00:00+00:00,42228,29587,1456,30345,370,218,10,0,397.71,276.29,9.29,4335.0,2020-08-25T16:28:07.716Z
185,2020-08-26 00:00:00+00:00,42619,29886,1465,30345,391,299,9,0,396.0,273.57,9.0,4335.0,2020-08-26T16:26:07.644Z
186,2020-08-27 00:00:00+00:00,43016,30157,1475,30345,397,271,10,0,394.0,268.0,9.14,4335.0,2020-08-27T16:18:07.503Z
187,2020-08-28 00:00:00+00:00,43403,30436,1483,30345,387,279,8,0,390.86,264.14,9.29,4335.0,2020-08-28T16:16:07.529Z
188,2020-08-29 00:00:00+00:00,43782,30717,1491,30345,379,281,8,0,387.71,263.29,9.57,4335.0,2020-08-29T16:08:07.647Z
189,2020-08-30 00:00:00+00:00,44146,30978,1501,30345,364,261,10,0,383.71,262.29,9.43,4335.0,2020-08-30T16:06:07.183Z
190,2020-09-01 00:00:00+00:00,44833,31493,1518,30345,339,249,8,0,372.14,272.29,8.86,4335.0,2020-09-01T16:02:07.141Z
191,2020-08-31 00:00:00+00:00,44494,31244,1510,30345,348,266,9,0,376.57,267.86,9.14,4335.0,2020-09-01T14:05:10.135Z
192,2020-09-02 00:00:00+00:00,45158,31746,1525,30345,325,253,7,0,362.71,265.71,8.57,4335.0,2020-09-02T16:11:07.962Z
193,2020-09-03 00:00:00+00:00,45469,32006,1531,30345,311,260,6,0,350.43,264.14,8.0,4335.0,2020-09-03T16:08:10.223Z
194,2020-09-04 00:00:00+00:00,45773,32259,1539,30345,304,253,8,0,338.57,260.43,8.0,4335.0,2020-09-04T15:58:08.794Z
195,2020-09-05 00:00:00+00:00,46071,32481,1549,30345,298,222,10,0,327.0,252.0,8.29,4335.0,2020-09-05T15:57:07.062Z
196,2020-09-06 00:00:00+00:00,46364,32745,1556,30345,293,264,7,0,316.86,252.43,7.86,4335.0,2020-09-06T16:21:07.146Z
197,2020-09-07 00:00:00+00:00,46653,32985,1562,30345,289,240,6,0,308.43,248.71,7.43,4335.0,2020-09-07T16:02:08.525Z
198,2020-09-08 00:00:00+00:00,46938,33183,1571,30345,285,198,9,0,300.71,241.43,7.57,4335.0,2020-09-08T16:15:09.757Z
199,2020-09-09 00:00:00+00:00,47216,33379,1581,30345,278,196,10,0,294.0,233.29,8.0,4335.0,2020-09-09T16:12:08.489Z
200,2020-09-10 00:00:00+00:00,47488,33562,1591,30345,272,183,10,0,288.43,222.29,8.57,4335.0,2020-09-10T16:07:13.919Z
201,2020-09-11 00:00:00+00:00,47752,33723,1599,30345,264,161,8,0,282.71,209.14,8.57,4335.0,2020-09-11T16:14:08.536Z
202,2020-09-12 00:00:00+00:00,48007,33875,1605,30345,255,152,6,0,276.57,199.14,8.0,4335.0,2020-09-12T16:17:08.322Z
203,2020-09-13 00:00:00+00:00,48254,34037,1606,30345,247,162,1,0,270.0,184.57,7.14,4335.0,2020-09-13T16:32:07.792Z
204,2020-09-14 00:00:00+00:00,48496,34204,1620,30345,242,167,14,0,263.29,174.14,8.29,4335.0,2020-09-14T16:23:09.325Z
205,2020-09-15 00:00:00+00:00,48734,34358,1632,30345,238,154,12,0,256.57,167.86,8.71,4335.0,2020-09-15T16:05:08.915Z
206,2020-09-16 00:00:00+00:00,48966,34517,1645,30345,232,159,13,0,250.0,162.57,9.14,4335.0,2020-09-16T16:04:08.337Z
207,2020-09-17 00:00:00+00:00,49194,34675,1654,30345,228,158,9,0,243.71,159.0,9.0,4335.0,2020-09-17T16:02:08.021Z
208,2020-09-18 00:00:00+00:00,49413,34818,1659,30345,219,143,5,0,237.29,156.43,8.57,4335.0,2020-09-18T16:09:07.785Z
209,2020-09-19 00:00:00+00:00,49623,34923,1665,30345,210,105,6,0,230.86,149.71,8.57,4335.0,2020-09-19T16:00:09.394Z
210,2020-09-20 00:00:00+00:00,49826,35047,1672,30345,203,124,7,0,224.57,144.29,9.43,4335.0,2020-09-20T16:09:07.471Z
211,2020-09-21 00:00:00+00:00,50023,35180,1679,30345,197,133,7,0,218.14,139.43,8.43,4335.0,2020-09-21T16:05:08.274Z
212,2020-09-22 00:00:00+00:00,50214,35307,1689,30345,191,127,10,0,211.43,135.57,8.14,4335.0,2020-09-22T16:10:09.110Z
213,2020-09-23 00:00:00+00:00,50400,35428,1698,30345,186,121,9,0,204.86,130.14,7.57,4335.0,2020-09-23T16:08:09.318Z
214,2020-09-25 00:00:00+00:00,50754,35654,1707,30345,175,110,4,0,191.57,119.43,6.86,4335.0,2020-09-25T20:14:40.305Z
215,2020-09-24 00:00:00+00:00,50579,35544,1703,30345,179,116,5,0,197.86,124.14,7.0,4335.0,2020-09-25T20:13:09.545Z
216,2020-09-26 00:00:00+00:00,50914,35756,1711,30345,160,102,4,0,184.43,119.0,6.57,4335.0,2020-09-26T16:01:07.965Z
217,2020-09-27 00:00:00+00:00,51067,35860,1714,30345,153,104,3,0,177.29,116.14,6.0,4335.0,2020-09-27T15:54:08.320Z
218,2020-09-28 00:00:00+00:00,51213,35962,1719,30345,146,102,5,0,170.0,111.71,5.71,4335.0,2020-09-28T16:13:07.743Z
219,2020-09-29 00:00:00+00:00,51368,36063,1726,30345,155,101,7,0,164.86,108.0,5.29,4335.0,2020-09-29T16:06:07.335Z
220,2020-09-30 00:00:00+00:00,51530,36174,1736,30345,162,111,10,0,161.43,106.57,5.43,4335.0,2020-09-30T16:16:07.028Z
221,2020-10-01 00:00:00+00:00,51690,36282,1741,30345,160,108,5,0,158.71,105.43,5.43,4335.0,2020-10-01T16:14:07.566Z
222,2020-10-02 00:00:00+00:00,51847,36385,1749,30345,157,103,8,0,156.14,104.43,6.0,4335.0,2020-10-02T16:06:07.860Z
223,2020-10-03 00:00:00+00:00,51995,36482,1756,30345,148,97,7,0,154.43,103.71,6.43,4335.0,2020-10-03T16:06:07.684Z
224,2020-10-04 00:00:00+00:00,52136,36578,1760,30345,141,96,4,0,152.71,102.57,6.57,4335.0,2020-10-04T16:16:07.674Z
225,2020-10-05 00:00:00+00:00,52270,36672,1768,30345,134,94,8,0,151.0,101.43,7.0,4335.0,2020-10-05T16:08:07.970Z
226,2020-10-06 00:00:00+00:00,52399,36763,1773,30345,129,91,5,0,147.29,100.0,6.71,4335.0,2020-10-06T16:18:08.458Z
227,2020-10-07 00:00:00+00:00,52520,36857,1779,30345,121,94,6,0,141.43,97.57,6.14,4335.0,2020-10-07T16:05:08.170Z
228,2020-10-08 00:00:00+00:00,52658,36958,1783,30345,138,101,4,0,138.29,96.57,6.0,4335.0,2020-10-08T16:23:08.668Z
229,2020-10-09 00:00:00+00:00,52804,37067,1789,30345,146,109,6,0,136.71,97.43,5.71,4335.0,2020-10-09T16:13:08.231Z
230,2020-10-10 00:00:00+00:00,52940,37170,1795,30345,136,103,6,0,135.0,98.29,5.57,4335.0,2020-10-10T15:55:06.635Z
231,2020-10-11 00:00:00+00:00,53072,37274,1801,30345,132,104,6,0,133.71,99.43,5.86,4335.0,2020-10-11T16:12:07.679Z
232,2020-10-12 00:00:00+00:00,53225,37382,1809,30345,153,108,8,0,136.43,101.43,5.86,4335.0,2020-10-12T17:12:07.245Z
233,2020-10-13 00:00:00+00:00,53399,37492,1818,30345,174,110,9,0,142.86,104.14,6.43,4335.0,2020-10-13T15:49:07.144Z
234,2020-10-14 00:00:00+00:00,53584,37603,1827,30345,185,111,9,0,152.0,106.57,6.86,4335.0,2020-10-14T16:11:09.416Z
235,2020-10-15 00:00:00+00:00,53777,37730,1836,30345,193,127,9,0,159.86,110.29,7.57,4335.0,2020-10-15T16:13:07.053Z
236,2020-10-16 00:00:00+00:00,53998,37856,1841,30345,221,126,5,0,170.57,112.71,7.43,4335.0,2020-10-16T16:18:07.487Z
237,2020-10-17 00:00:00+00:00,54203,37971,1846,30345,205,115,5,0,180.43,114.43,7.29,4335.0,2020-10-17T16:01:09.780Z
238,2020-10-18 00:00:00+00:00,54402,38088,1856,30345,199,117,10,0,190.0,116.29,7.86,4335.0,2020-10-18T16:09:07.781Z
239,2020-10-19 00:00:00+00:00,54616,38215,1865,30345,214,127,9,0,198.71,119.0,8.0,4335.0,2020-10-19T16:06:08.567Z
240,2020-10-20 00:00:00+00:00,54839,38346,1873,30345,223,131,8,0,205.71,122.0,7.86,4335.0,2020-10-20T16:33:08.297Z
241,2020-10-21 00:00:00+00:00,55091,38482,1880,30345,252,136,7,0,215.29,125.57,7.57,4335.0,2020-10-21T15:56:09.644Z
242,2020-10-22 00:00:00+00:00,55357,38618,1888,30345,266,136,8,0,225.71,126.86,7.43,4335.0,2020-10-22T16:08:09.173Z
243,2020-10-23 00:00:00+00:00,55630,38788,1897,30345,273,170,9,0,233.14,133.14,8.0,4335.0,2020-10-23T16:03:08.509Z
244,2020-10-24 00:00:00+00:00,55880,38932,1907,30345,250,144,10,0,239.57,137.29,8.71,4335.0,2020-10-25T19:36:20.046Z
245,2020-10-25 00:00:00+00:00,56143,39095,1914,30345,263,163,7,0,248.71,143.86,8.29,4335.0,2020-10-25T19:46:09.357Z
246,2020-10-26 00:00:00+00:00,56419,39273,1922,30345,276,178,8,0,257.57,151.14,8.14,4335.0,2020-10-26T19:49:45.034Z
247,2020-10-27 00:00:00+00:00,56706,39444,1931,30345,287,171,9,0,266.71,156.86,8.29,4335.0,2020-10-27T19:27:45.377Z
248,2020-10-28 00:00:00+00:00,57026,39635,1941,30345,320,191,10,0,276.43,164.71,8.71,4335.0,2020-10-28T19:03:48.921Z
249,2020-10-29 00:00:00+00:00,57332,39819,1949,30345,306,184,8,0,282.14,171.57,8.71,4335.0,2020-10-29T19:10:43.321Z
250,2020-10-30 00:00:00+00:00,57651,40014,1956,30345,319,195,7,0,288.71,175.14,8.43,4335.0,2020-10-30T19:35:32.986Z
251,2020-10-31 00:00:00+00:00,57942,40201,1964,30345,291,187,8,0,294.57,181.29,8.14,4335.0,2020-10-31T17:18:08.625Z
252,2020-11-01 00:00:00+00:00,58272,40395,1973,30345,330,194,9,0,304.14,185.71,8.43,4335.0,2020-11-01T19:42:35.330Z
253,2020-11-02 00:00:00+00:00,58574,40577,1980,30345,302,182,7,0,307.86,186.29,8.29,4335.0,2020-11-02T16:46:43.486Z
254,2020-11-03 00:00:00+00:00,58979,40771,1989,30345,405,194,9,0,324.71,189.57,8.29,4335.0,2020-11-03T16:11:43.619Z
255,2020-11-04 00:00:00+00:00,59527,41001,1999,30345,548,230,10,0,357.29,195.14,8.29,4335.0,2020-11-04T16:20:41.002Z
256,2020-11-05 00:00:00+00:00,60169,41244,2011,30345,642,243,12,0,405.29,203.57,8.86,4335.0,2020-11-05T16:46:39.647Z
257,2020-11-06 00:00:00+00:00,60800,41510,2024,30345,631,266,13,0,449.86,213.71,9.71,4335.0,2020-11-06T17:23:38.761Z
258,2020-11-07 00:00:00+00:00,61381,41783,2036,30345,581,273,12,0,491.29,226.0,10.29,4335.0,2020-11-07T16:36:42.382Z
259,2020-11-08 00:00:00+00:00,62051,42037,2048,30345,670,254,12,0,539.86,234.57,10.71,4335.0,2020-11-08T17:41:16.139Z
260,2020-11-09 00:00:00+00:00,62693,42325,2062,30345,642,288,14,0,588.43,249.71,11.71,4335.0,2020-11-09T16:14:33.312Z
261,2020-11-10 00:00:00+00:00,63446,42626,2077,30345,753,301,15,0,638.14,265.0,12.57,4335.0,2020-11-10T16:55:03.265Z
262,2020-11-11 00:00:00+00:00,64257,42980,2093,30345,811,354,16,0,675.71,282.71,13.43,4335.0,2020-11-11T16:10:37.953Z
263,2020-11-12 00:00:00+00:00,65108,43377,2111,30345,851,397,18,0,705.57,304.71,14.29,4335.0,2020-11-12T16:18:22.075Z
264,2020-11-13 00:00:00+00:00,65975,43779,2125,30345,867,402,14,0,739.29,324.14,14.43,4335.0,2020-11-13T16:19:03.468Z
265,2020-11-14 00:00:00+00:00,66819,44199,2139,30345,844,420,14,0,776.86,345.14,14.71,4335.0,2020-11-14T16:30:22.059Z
266,2020-11-15 00:00:00+00:00,67679,44633,2154,30345,860,434,15,0,804.0,370.86,15.14,4335.0,2020-11-15T16:09:34.123Z
267,2020-11-16 00:00:00+00:00,68589,45088,2168,30345,910,455,14,0,842.29,394.71,15.14,4335.0,2020-11-16T16:17:16.449Z
268,2020-11-17 00:00:00+00:00,69591,45699,2186,30345,1002,611,18,0,877.86,439.0,15.57,4335.0,2020-11-17T16:01:49.078Z
269,2020-11-18 00:00:00+00:00,70629,46326,2206,30345,1038,627,20,0,910.29,478.0,16.14,4335.0,2020-11-18T17:33:08.294Z
270,2020-11-19 00:00:00+00:00,71652,46962,2224,30345,1023,636,18,0,934.86,512.14,16.14,4335.0,2020-11-19T16:45:25.575Z
271,2020-11-20 00:00:00+00:00,72755,47581,2239,30345,1103,619,15,0,968.57,543.14,16.29,4335.0,2020-11-20T16:21:19.028Z
272,2020-11-21 00:00:00+00:00,73774,48183,2258,30345,1019,602,19,0,993.57,569.14,17.0,4335.0,2020-11-21T16:51:46.401Z
273,2020-11-22 00:00:00+00:00,74862,48794,2275,30345,1088,611,17,0,1026.14,594.43,17.29,4335.0,2020-11-22T16:29:57.190Z
274,2020-11-23 00:00:00+00:00,75867,49421,2294,30345,1005,627,19,0,1039.71,619.0,18.0,4335.0,2020-11-23T16:14:24.199Z
275,2020-11-24 00:00:00+00:00,77000,50070,2309,30345,1133,649,15,0,1058.43,624.43,17.57,4335.0,2020-11-24T16:12:57.136Z
276,2020-11-25 00:00:00+00:00,78025,50712,2329,30345,1025,642,20,0,1056.57,626.57,17.57,4335.0,2020-11-25T16:23:16.694Z
277,2020-11-26 00:00:00+00:00,79110,51334,2352,30345,1085,622,23,0,1065.43,624.57,18.29,4335.0,2020-11-26T17:48:11.998Z
278,2020-11-27 00:00:00+00:00,80168,51946,2372,30345,1058,612,20,0,1059.0,623.57,19.0,4335.0,2020-11-27T16:26:14.588Z
279,2020-11-28 00:00:00+00:00,81212,52568,2393,30345,1044,622,21,0,1062.57,626.43,19.29,4335.0,2020-11-28T16:38:27.568Z
280,2020-11-29 00:00:00+00:00,82221,53204,2410,30345,1009,636,17,0,1051.29,630.0,19.29,4335.0,2020-11-29T18:48:58.421Z
281,2020-11-30 00:00:00+00:00,83199,53809,2431,30345,978,605,21,0,1047.43,626.86,19.57,4335.0,2020-11-30T17:39:37.524Z
282,2020-12-01 00:00:00+00:00,84152,54405,2447,30345,953,596,16,0,1021.71,619.29,19.71,4335.0,2020-12-01T17:49:17.366Z
283,2020-12-02 00:00:00+00:00,85084,54990,2464,30345,932,585,17,0,1008.43,611.14,19.29,4335.0,2020-12-02T19:03:20.527Z
284,2020-12-03 00:00:00+00:00,85927,55538,2480,30345,843,548,16,0,973.86,600.57,18.29,4335.0,2020-12-03T16:26:51.721Z
285,2020-12-04 00:00:00+00:00,86730,56079,2492,30345,803,541,12,0,937.43,590.43,17.14,4335.0,2020-12-04T17:05:56.779Z
286,2020-12-05 00:00:00+00:00,87502,56617,2501,30345,772,538,9,0,898.57,578.43,15.43,4335.0,2020-12-05T16:50:41.628Z
287,2020-12-06 00:00:00+00:00,88252,57146,2516,30345,750,529,15,0,861.57,563.14,15.14,4335.0,2020-12-06T16:01:22.954Z
288,2020-12-07 00:00:00+00:00,88825,57648,2527,30345,573,502,11,0,803.71,548.43,13.71,4335.0,2020-12-07T20:45:49.686Z
289,2020-12-08 00:00:00+00:00,89416,58146,2539,30345,591,498,12,0,752.0,534.43,13.14,4335.0,2020-12-08T16:43:39.085Z
290,2020-12-09 00:00:00+00:00,90014,58654,2554,30345,598,508,15,0,704.29,523.43,12.86,4335.0,2020-12-09T16:18:48.818Z
291,2020-12-10 00:00:00+00:00,90579,59135,2564,30345,565,481,10,0,664.57,513.86,12.0,4335.0,2020-12-10T16:40:22.428Z
292,2020-12-11 00:00:00+00:00,91121,59590,2575,30345,542,455,11,0,627.29,501.57,11.86,4335.0,2020-12-11T17:53:20.676Z
293,2020-12-12 00:00:00+00:00,91638,60028,2584,30345,517,438,9,0,590.86,487.29,11.86,4335.0,2020-12-12T17:03:00.384Z
294,2020-12-13 00:00:00+00:00,92102,60457,2596,30345,464,429,12,0,550.0,473.0,11.43,4335.0,2020-12-13T16:15:54.513Z
295,2020-12-14 00:00:00+00:00,92597,60888,2609,30345,495,431,13,0,538.86,462.86,11.71,4335.0,2020-12-14T18:42:43.172Z
296,2020-12-15 00:00:00+00:00,93065,61307,2623,30345,468,419,14,0,521.29,451.57,12.0,4335.0,2020-12-15T16:36:27.400Z
297,2020-12-16 00:00:00+00:00,93507,61700,2631,30345,442,393,8,0,499.0,435.14,11.0,4335.0,2020-12-16T16:37:46.139Z
298,2020-12-17 00:00:00+00:00,93933,62089,2640,30345,426,389,9,0,479.14,422.0,10.86,4335.0,2020-12-17T16:04:25.513Z
299,2020-12-18 00:00:00+00:00,94371,62487,2647,30345,438,398,7,0,464.29,413.86,10.29,4335.0,2020-12-18T16:13:39.691Z
300,2020-12-19 00:00:00+00:00,94781,62869,2659,30345,410,382,12,0,449.0,405.86,10.71,4335.0,2020-12-19T16:32:02.136Z
301,2020-12-20 00:00:00+00:00,95203,63260,2666,30345,422,391,7,0,443.0,400.43,10.0,4335.0,2020-12-20T15:58:59.758Z
302,2020-12-21 00:00:00+00:00,95659,63644,2675,30345,456,384,9,0,437.43,393.71,9.43,4335.0,2020-12-21T16:23:05.461Z
303,2020-12-22 00:00:00+00:00,96069,64020,2687,30345,410,376,12,0,429.14,387.57,9.14,4335.0,2020-12-22T16:13:06.524Z
304,2020-12-23 00:00:00+00:00,96549,64401,2696,30345,480,381,9,0,434.57,385.86,9.29,4335.0,2020-12-23T16:20:24.228Z
305,2020-12-24 00:00:00+00:00,97007,64777,2705,30345,458,376,9,0,439.14,384.0,9.29,4335.0,2020-12-24T15:49:56.964Z
306,2020-12-25 00:00:00+00:00,97441,65144,2716,30345,434,367,11,0,438.57,379.57,9.86,4335.0,2020-12-25T16:24:04.973Z
307,2020-12-26 00:00:00+00:00,97857,65505,2722,30345,416,361,6,0,439.43,376.57,9.0,4335.0,2020-12-26T19:40:42.486Z
308,2020-12-27 00:00:00+00:00,98249,65862,2728,30345,392,357,6,0,435.14,371.71,8.86,4335.0,2020-12-27T15:53:53.039Z
309,2020-12-28 00:00:00+00:00,98631,66214,2737,30345,382,352,9,0,424.57,367.14,8.86,4335.0,2020-12-28T15:53:03.180Z
310,2020-12-29 00:00:00+00:00,98988,66566,2745,30345,357,352,8,0,417.0,363.71,8.29,4335.0,2020-12-29T15:54:46.462Z
311,2021-01-03 00:00:00+00:00,100408,67808,2772,30345,249,197,3,0,308.43,278.0,6.29,4335.0,2021-01-03T16:58:20.942Z
312,2021-01-04 00:00:00+00:00,100645,67999,2777,30345,237,191,5,0,287.71,255.0,5.71,4335.0,2021-01-04T15:42:33.958Z
313,2021-01-05 00:00:00+00:00,100873,68185,2782,30345,228,186,5,0,269.29,233.57,5.29,4335.0,2021-01-05T15:48:01.884Z
314,2021-01-06 00:00:00+00:00,101120,68383,2786,30345,247,198,4,0,258.43,218.29,5.0,4335.0,2021-01-06T16:00:36.498Z
315,2021-01-07 00:00:00+00:00,101382,68589,2792,30345,262,206,6,0,253.14,208.86,5.14,4335.0,2021-01-07T16:16:38.375Z
316,2021-01-08 00:00:00+00:00,101657,68802,2798,30345,275,213,6,0,251.43,201.0,5.14,4335.0,2021-01-08T16:22:05.822Z
317,2021-01-09 00:00:00+00:00,101913,69011,2803,30345,256,209,5,0,250.57,200.0,4.86,4335.0,2021-01-09T16:07:00.961Z
318,2021-01-10 00:00:00+00:00,102144,69212,2807,30345,231,201,4,0,248.0,200.57,5.0,4335.0,2021-01-10T16:51:59.454Z
319,2021-01-11 00:00:00+00:00,102369,69403,2812,30345,225,191,5,0,246.29,200.57,5.0,4335.0,2021-01-11T15:50:45.457Z
320,2021-01-12 00:00:00+00:00,102641,69608,2816,30345,272,205,4,0,252.57,203.29,4.86,4335.0,2021-01-12T15:56:56.492Z
321,2021-01-13 00:00:00+00:00,102860,69791,2819,30345,219,183,3,0,248.57,201.14,4.71,4335.0,2021-01-13T15:36:14.473Z
322,2021-01-14 00:00:00+00:00,103127,69992,2822,30345,267,201,3,0,249.29,200.43,4.29,4335.0,2021-01-14T16:40:18.271Z
323,2021-01-15 00:00:00+00:00,103381,70188,2827,30345,254,196,5,0,246.29,198.0,4.14,4335.0,2021-01-15T16:15:13.884Z
324,2021-01-16 00:00:00+00:00,103611,70373,2831,30345,230,185,4,0,242.57,194.57,4.0,4335.0,2021-01-16T21:20:08.547Z
325,2021-01-17 00:00:00+00:00,103833,70554,2836,30345,222,181,5,0,241.29,191.71,4.14,4335.0,2021-01-17T15:52:39.178Z
326,2021-01-18 00:00:00+00:00,104092,70747,2840,30345,259,193,4,0,246.14,192.0,4.0,4335.0,2021-01-18T16:19:44.403Z
327,2021-01-19 00:00:00+00:00,104341,70933,2843,30345,249,186,3,0,242.86,189.29,3.86,4335.0,2021-01-19T16:09:43.028Z
328,2021-01-20 00:00:00+00:00,104606,71127,2849,30345,265,194,6,0,249.43,190.86,4.29,4335.0,2021-01-20T16:13:45.864Z
329,2021-01-21 00:00:00+00:00,104852,71343,2853,30345,246,216,4,0,246.43,193.0,4.43,4335.0,2021-01-21T16:59:29.747Z
330,2021-01-22 00:00:00+00:00,105124,71552,2856,30345,272,209,3,0,249.0,194.86,4.14,4335.0,2021-01-22T15:41:28.028Z
331,2021-01-23 00:00:00+00:00,105369,71755,2861,30345,245,203,5,0,251.14,197.43,4.29,4335.0,2021-01-23T16:58:51.334Z
332,2021-01-24 00:00:00+00:00,105596,71945,2863,30345,227,190,2,0,251.86,198.71,3.86,4335.0,2021-01-24T16:02:49.827Z
333,2021-01-25 00:00:00+00:00,105854,72143,2866,30345,258,198,3,0,251.71,199.43,3.71,4335.0,2021-01-25T16:27:58.841Z
334,2021-01-26 00:00:00+00:00,106097,72336,2871,30345,243,193,5,0,250.86,200.43,4.0,4335.0,2021-01-26T15:57:34.505Z
335,2021-01-27 00:00:00+00:00,106359,72538,2877,30345,262,202,6,0,250.43,201.57,4.0,4335.0,2021-01-27T16:09:34.263Z
336,2021-01-28 00:00:00+00:00,106610,72745,2881,30345,251,207,4,0,251.14,200.29,4.0,4335.0,2021-01-28T16:14:46.523Z
337,2021-01-29 00:00:00+00:00,106887,72956,2884,30345,277,211,3,0,251.86,200.57,4.0,4335.0,2021-01-29T16:23:18.643Z
338,2021-01-30 00:00:00+00:00,107122,73152,2888,30345,235,196,4,0,250.43,199.57,3.86,4335.0,2021-01-30T16:36:53.711Z
339,2021-01-31 00:00:00+00:00,107339,73344,2891,30345,217,192,3,0,249.0,199.86,4.0,4335.0,2021-01-31T16:19:57.551Z
340,2021-02-02 00:00:00+00:00,107841,73732,2898,30345,263,202,4,0,249.14,199.43,3.86,4335.0,2021-02-02T16:33:00.248Z
341,2021-02-01 00:00:00+00:00,107578,73530,2894,30345,239,186,3,0,246.29,198.14,4.0,4335.0,2021-02-02T16:36:18.950Z
342,2021-02-03 00:00:00+00:00,108116,73940,2900,30345,275,208,2,0,251.0,200.29,3.29,4335.0,2021-02-03T15:42:45.532Z
343,2021-02-04 00:00:00+00:00,108381,74136,2904,30345,265,196,4,0,253.0,198.71,3.29,4335.0,2021-02-04T16:42:54.032Z
344,2021-02-05 00:00:00+00:00,108629,74330,2909,30345,248,194,5,0,248.86,196.29,3.5700000000000003,4335.0,2021-02-05T17:13:06.970Z
345,2021-02-06 00:00:00+00:00,108852,74502,2911,30345,223,172,2,0,247.14,192.86,3.29,4335.0,2021-02-06T16:59:45.853Z
346,2021-02-07 00:00:00+00:00,109088,74684,2914,30345,236,182,3,0,249.86,191.43,3.29,4335.0,2021-02-07T16:01:13.765Z
347,2021-02-08 00:00:00+00:00,109313,74863,2918,30345,225,179,4,0,247.86,190.43,3.43,4335.0,2021-02-08T16:02:21.118Z
348,2021-02-09 00:00:00+00:00,109559,75049,2924,30345,246,186,6,0,245.43,188.14,3.71,4335.0,2021-02-09T16:07:00.226Z
349,2021-02-10 00:00:00+00:00,109782,75232,2926,30345,223,183,2,0,238.0,184.57,3.71,4335.0,2021-02-10T16:00:20.075Z
350,2021-02-11 00:00:00+00:00,110049,75425,2930,30345,267,193,4,0,238.29,184.14,3.71,4335.0,2021-02-11T16:04:22.227Z
351,2021-02-12 00:00:00+00:00,110303,75620,2932,30345,254,195,2,0,239.14,184.29,3.29,4335.0,2021-02-12T16:00:12.335Z
352,2021-02-13 00:00:00+00:00,110513,75808,2935,30345,210,188,3,0,237.29,186.57,3.43,4335.0,2021-02-13T16:58:55.785Z
353,2021-02-14 00:00:00+00:00,110711,75991,2939,30345,198,183,4,0,231.86,186.71,3.5700000000000003,4335.0,2021-02-15T13:36:57.071Z
354,2021-02-15 00:00:00+00:00,110894,76160,2943,30345,183,169,4,0,225.86,185.29,3.5700000000000003,4335.0,2021-02-15T15:57:10.426Z
355,2021-02-16 00:00:00+00:00,111069,76322,2945,30345,175,162,2,0,215.71,181.86,3.0,4335.0,2021-02-16T15:56:47.289Z
356,2021-02-17 00:00:00+00:00,111247,76481,2947,30345,178,159,2,0,209.29,178.43,3.0,4335.0,2021-02-17T16:02:50.788Z
357,2021-02-18 00:00:00+00:00,111418,76632,2950,30345,171,151,3,0,195.57,172.43,2.86,4335.0,2021-02-18T16:00:13.322Z
358,2021-02-19 00:00:00+00:00,111600,76789,2954,30345,182,157,4,0,185.29,167.0,3.14,4335.0,2021-02-19T16:37:41.827Z
359,2021-02-20 00:00:00+00:00,111764,76932,2958,30345,164,143,4,0,178.71,160.57,3.29,4335.0,2021-02-20T16:25:15.007Z
360,2021-02-21 00:00:00+00:00,111917,77068,2961,30345,153,136,3,0,172.29,153.86,3.14,4335.0,2021-02-21T16:11:47.622Z
361,2021-02-22 00:00:00+00:00,112094,77217,2964,30345,177,149,3,0,171.43,151.0,3.0,4335.0,2021-02-22T16:31:53.543Z
362,2021-02-23 00:00:00+00:00,112279,77374,2967,30345,185,157,3,0,172.86,150.29,3.14,4335.0,2021-02-23T15:59:27.060Z
363,2021-02-24 00:00:00+00:00,112461,77529,2970,30345,182,155,3,0,173.43,149.71,3.29,4335.0,2021-02-24T16:02:23.294Z
364,2021-02-25 00:00:00+00:00,112622,77675,2973,30345,161,146,3,0,172.0,149.0,3.29,4335.0,2021-02-25T16:50:26.168Z
365,2021-02-26 00:00:00+00:00,112805,77834,2977,30345,183,159,4,0,172.14,149.29,3.29,4335.0,2021-02-26T16:12:22.296Z
366,2021-02-27 00:00:00+00:00,112960,77968,2979,30345,155,134,2,0,170.86,148.0,3.0,4335.0,2021-02-27T16:38:47.952Z
367,2021-02-28 00:00:00+00:00,113092,78090,2983,30345,132,122,4,0,167.86,146.0,3.14,4335.0,2021-02-28T15:50:28.698Z
368,2021-03-01 00:00:00+00:00,113255,78226,2987,30345,163,136,4,0,165.86,144.14,3.29,4335.0,2021-03-01T16:30:08.592Z
369,2021-03-02 00:00:00+00:00,113430,78369,2991,30345,175,143,4,0,164.43,142.14,3.43,4335.0,2021-03-02T15:45:13.728Z
370,2021-03-03 00:00:00+00:00,113593,78506,2994,30345,163,137,3,0,161.71,139.57,3.43,4335.0,2021-03-03T16:10:11.552Z
371,2021-03-04 00:00:00+00:00,113761,78654,3000,30345,168,148,6,0,162.71,139.86,3.86,4335.0,2021-03-04T15:43:02.800Z
372,2021-03-05 00:00:00+00:00,113948,78806,3005,30345,187,152,5,0,163.29,138.86,4.0,4335.0,2021-03-05T16:49:36.744Z
373,2021-03-06 00:00:00+00:00,114104,78928,3008,30345,156,122,3,0,163.43,137.14,4.14,4335.0,2021-03-06T20:10:35.545Z
374,2021-03-07 00:00:00+00:00,114234,79046,3011,30345,130,118,3,0,163.14,136.57,4.0,4335.0,2021-03-07T16:59:08.499Z
375,2021-03-08 00:00:00+00:00,114382,79169,3016,30345,148,123,5,0,161.0,134.71,4.14,4335.0,2021-03-08T16:30:12.097Z
376,2021-03-09 00:00:00+00:00,114543,79301,3020,30345,161,132,4,0,159.0,133.14,4.14,4335.0,2021-03-09T17:39:09.845Z
377,2021-03-10 00:00:00+00:00,114681,79410,3024,30345,138,109,4,0,155.43,129.14,4.29,4335.0,2021-03-10T17:11:48.914Z
378,2021-03-11 00:00:00+00:00,114851,79538,3026,30345,170,128,2,0,155.71,126.29,3.71,4335.0,2021-03-11T15:48:48.968Z
379,2021-03-12 00:00:00+00:00,115008,79654,3029,30345,157,116,3,0,151.43,121.14,3.43,4335.0,2021-03-12T16:10:09.872Z
380,2021-03-13 00:00:00+00:00,115143,79765,3032,30345,135,111,3,0,148.43,119.57,3.43,4335.0,2021-03-13T18:10:29.183Z
381,2021-03-14 00:00:00+00:00,115265,79869,3034,30345,122,104,2,0,147.29,117.57,3.29,4335.0,2021-03-14T16:13:37.830Z
382,2021-03-15 00:00:00+00:00,115410,79976,3038,30345,145,107,4,0,146.86,115.29,3.14,4335.0,2021-03-15T15:50:14.899Z
383,2021-03-16 00:00:00+00:00,115540,80085,3043,30345,130,109,5,0,142.43,112.0,3.29,4335.0,2021-03-16T16:09:51.484Z
384,2021-03-17 00:00:00+00:00,115688,80201,3046,30345,148,116,3,0,143.86,113.0,3.14,4335.0,2021-03-17T15:58:42.400Z
385,2021-03-18 00:00:00+00:00,115842,80329,3049,30345,154,128,3,0,141.57,113.0,3.29,4335.0,2021-03-18T16:02:23.144Z
386,2021-03-19 00:00:00+00:00,115970,80437,3051,30345,128,108,2,0,137.43,111.86,3.14,4335.0,2021-03-19T16:26:38.531Z
387,2021-03-20 00:00:00+00:00,116066,80548,3053,30345,96,111,2,0,131.86,111.86,3.0,4335.0,2021-03-20T15:46:30.287Z
388,2021-03-21 00:00:00+00:00,116157,80641,3055,30345,91,93,2,0,127.43,110.29,3.0,4335.0,2021-03-21T21:05:10.754Z
389,2021-03-22 00:00:00+00:00,116255,80732,3059,30345,98,91,4,0,120.71,108.0,3.0,4335.0,2021-03-22T17:29:34.774Z
390,2021-03-23 00:00:00+00:00,116349,80821,3064,30345,94,89,5,0,115.57,105.14,3.0,4335.0,2021-03-23T16:04:09.512Z
391,2021-03-24 00:00:00+00:00,116438,80905,3067,30345,89,84,3,0,107.14,100.57,3.0,4335.0,2021-03-24T15:55:07.391Z
392,2021-03-25 00:00:00+00:00,116543,80998,3069,30345,105,93,2,0,100.14,95.57,2.86,4335.0,2021-03-25T15:37:50.455Z
393,2021-03-26 00:00:00+00:00,116657,81093,3072,30345,114,95,3,0,98.14,93.71,3.0,4335.0,2021-03-26T15:56:51.084Z
394,2021-03-27 00:00:00+00:00,116750,81175,3075,30345,93,82,3,0,97.71,89.57,3.14,4335.0,2021-03-27T17:12:14.105Z
395,2021-03-28 00:00:00+00:00,116836,81249,3078,30345,86,74,3,0,97.0,86.86,3.29,4335.0,2021-03-28T16:16:23.969Z
396,2021-03-29 00:00:00+00:00,116946,81331,3082,30345,110,82,4,0,98.71,85.57,3.29,4335.0,2021-03-29T17:12:55.109Z
397,2021-03-30 00:00:00+00:00,117061,81424,3087,30345,115,93,5,0,101.71,86.14,3.29,4335.0,2021-03-30T17:14:53.635Z
398,2021-03-31 00:00:00+00:00,117192,81520,3091,30345,131,96,4,0,107.71,87.86,3.43,4335.0,2021-03-31T16:09:17.749Z
399,2021-04-01 00:00:00+00:00,117304,81614,3094,30345,112,94,3,0,108.71,88.0,3.5700000000000003,4335.0,2021-04-01T15:31:10.635Z
400,2021-04-02 00:00:00+00:00,117429,81711,3097,30345,125,97,3,0,110.29,88.29,3.5700000000000003,4335.0,2021-04-02T17:57:08.275Z
401,2021-04-03 00:00:00+00:00,117524,81795,3100,30345,95,84,3,0,110.57,88.57,3.5700000000000003,4335.0,2021-04-03T15:47:01.215Z
402,2021-04-04 00:00:00+00:00,117622,81878,3103,30345,98,83,3,0,112.29,89.86,3.5700000000000003,4335.0,2021-04-04T16:21:58.754Z
403,2021-04-05 00:00:00+00:00,117739,81976,3106,30345,117,98,3,0,113.29,92.14,3.43,4335.0,2021-04-05T15:50:29.511Z
404,2021-04-06 00:00:00+00:00,117879,82078,3110,30345,140,102,4,0,116.86,93.43,3.29,4335.0,2021-04-06T16:06:44.917Z
405,2021-04-07 00:00:00+00:00,118004,82174,3114,30345,125,96,4,0,116.0,93.43,3.29,4335.0,2021-04-07T16:00:47.771Z
406,2021-04-08 00:00:00+00:00,118116,82271,3117,30345,112,97,3,0,116.0,93.86,3.29,4335.0,2021-04-08T18:31:12.355Z
407,2021-04-09 00:00:00+00:00,118251,82374,3121,30345,135,103,4,0,117.43,94.71,3.43,4335.0,2021-04-09T16:05:59.151Z
408,2021-04-10 00:00:00+00:00,118378,82475,3124,30345,127,101,3,0,122.0,97.14,3.43,4335.0,2021-04-10T15:22:57.988Z
409,2021-04-11 00:00:00+00:00,118516,82582,3128,30345,138,107,4,0,127.71,100.57,3.5700000000000003,4335.0,2021-04-11T16:09:16.273Z
410,2021-04-12 00:00:00+00:00,118645,82686,3132,30345,129,104,4,0,129.43,101.43,3.71,4335.0,2021-04-12T15:31:28.256Z
411,2021-04-13 00:00:00+00:00,118799,82795,3135,30345,154,109,3,0,131.43,102.43,3.5700000000000003,4335.0,2021-04-13T16:26:12.435Z
412,2021-04-14 00:00:00+00:00,118975,82911,3139,30345,176,116,4,0,138.71,105.29,3.5700000000000003,4335.0,2021-04-14T17:07:47.735Z
413,2021-04-15 00:00:00+00:00,119142,83030,3142,30345,167,119,3,0,146.57,108.43,3.5700000000000003,4335.0,2021-04-15T17:46:25.851Z
414,2021-04-16 00:00:00+00:00,119323,83151,3146,30345,181,121,4,0,153.14,111.0,3.5700000000000003,4335.0,2021-04-16T18:12:11.525Z
415,2021-04-17 00:00:00+00:00,119486,83268,3150,30345,163,117,4,0,158.29,113.29,3.71,4335.0,2021-04-17T16:40:14.461Z
416,2021-04-18 00:00:00+00:00,119642,83379,3153,30345,156,111,3,0,160.86,113.86,3.5700000000000003,4335.0,2021-04-18T16:18:15.557Z
417,2021-04-19 00:00:00+00:00,119805,83496,3158,30345,163,117,5,0,165.71,115.71,3.71,4335.0,2021-04-19T15:54:26.661Z
418,2021-04-20 00:00:00+00:00,120174,83747,3170,30345,182,129,7,0,171.29,119.43,4.43,4335.0,2021-04-21T16:25:47.152Z
419,2021-04-21 00:00:00+00:00,120363,83882,3179,30345,189,135,9,0,174.43,121.71,5.29,4335.0,2021-04-22T15:15:39.766Z
420,2021-04-22 00:00:00+00:00,120562,84020,3188,30345,199,138,9,0,177.0,124.14,6.0,4335.0,2021-04-23T16:33:00.952Z
421,2021-04-23 00:00:00+00:00,120736,84149,3196,30345,174,129,8,0,178.57,125.86,6.57,4335.0,2021-04-24T16:22:06.669Z
422,2021-04-24 00:00:00+00:00,120922,84281,3205,30345,186,132,9,0,182.86,128.86,7.43,4335.0,2021-04-25T16:19:02.226Z
423,2021-04-25 00:00:00+00:00,121112,84422,3215,30345,190,141,10,0,186.71,132.29,8.14,4335.0,2021-04-26T16:36:17.743Z
424,2021-04-26 00:00:00+00:00,121344,84580,3223,30345,232,158,8,0,193.14,137.43,8.57,4335.0,2021-04-27T16:26:13.488Z
425,2021-04-27 00:00:00+00:00,121580,84727,3232,30345,236,147,9,0,200.86,140.0,8.86,4335.0,2021-04-28T16:43:12.467Z
426,2021-04-28 00:00:00+00:00,121866,84922,3242,30345,286,195,10,0,214.71,148.57,9.0,4335.0,2021-04-29T16:44:07.970Z
427,2021-04-29 00:00:00+00:00,122108,85090,3251,30345,242,168,9,0,220.86,152.86,9.0,4335.0,2021-04-30T16:45:11.076Z
428,2021-04-30 00:00:00+00:00,122311,85231,3259,30345,203,141,8,0,225.0,154.57,9.0,4335.0,2021-05-01T15:29:50.494Z
429,2021-05-01 00:00:00+00:00,122522,85380,3268,30345,211,149,9,0,228.57,157.0,9.0,4335.0,2021-05-02T15:15:30.409Z
430,2021-05-03 00:00:00+00:00,122717,85516,3278,30345,195,136,10,0,229.29,156.29,9.0,4335.0,2021-05-03T16:38:35.090Z
431,2021-05-04 00:00:00+00:00,122999,85675,3287,30345,282,159,9,0,236.43,156.43,9.14,4335.0,2021-05-04T16:30:09.626Z
432,2021-05-05 00:00:00+00:00,123272,85851,3297,30345,273,176,10,0,241.71,160.57,9.29,4335.0,2021-05-05T15:16:19.108Z
433,2021-05-06 00:00:00+00:00,123473,85989,3305,30345,201,138,8,0,229.57,152.43,9.0,4335.0,2021-05-06T15:40:10.133Z
434,2021-05-07 00:00:00+00:00,123692,86131,3313,30345,219,142,8,0,226.29,148.71,8.86,4335.0,2021-05-07T16:31:43.018Z
435,2021-05-08 00:00:00+00:00,123900,86262,3319,30345,208,131,6,0,227.0,147.29,8.57,4335.0,2021-05-08T15:34:48.611Z
436,2021-05-09 00:00:00+00:00,124104,86402,3325,30345,204,140,6,0,226.0,146.0,8.14,4335.0,2021-05-09T17:06:36.504Z
437,2021-05-10 00:00:00+00:00,124288,86536,3332,30345,184,134,7,0,224.43,145.71,7.71,4335.0,2021-05-10T17:03:03.994Z
438,2021-05-11 00:00:00+00:00,124483,86685,3340,30345,195,149,8,0,212.0,144.29,7.57,4335.0,2021-05-11T15:43:24.739Z
439,2021-05-12 00:00:00+00:00,124682,86839,3347,30345,199,154,7,0,201.43,141.14,7.14,4335.0,2021-05-12T15:41:23.305Z
440,2021-05-13 00:00:00+00:00,124889,86985,3352,30345,207,146,5,0,202.29,142.29,6.71,4335.0,2021-05-13T17:37:48.566Z
441,2021-05-14 00:00:00+00:00,125059,87119,3357,30345,170,134,5,0,195.29,141.14,6.29,4335.0,2021-05-14T15:40:49.487Z
442,2021-05-15 00:00:00+00:00,125194,87233,3363,30345,135,114,6,0,184.86,138.71,6.29,4335.0,2021-05-15T17:44:00.086Z
443,2021-05-16 00:00:00+00:00,125311,87341,3371,30345,117,108,8,0,172.43,134.14,6.57,4335.0,2021-05-16T15:34:45.418Z
444,2021-05-17 00:00:00+00:00,125485,87458,3378,30345,174,117,7,0,171.0,131.71,6.57,4335.0,2021-05-17T17:24:00.337Z
445,2021-05-18 00:00:00+00:00,125693,87591,3385,30345,208,133,7,0,172.86,129.43,6.43,4335.0,2021-05-18T15:46:09.947Z
446,2021-05-19 00:00:00+00:00,125896,87728,3392,30345,203,137,7,0,173.43,127.0,6.43,4335.0,2021-05-19T15:19:37.228Z
447,2021-05-20 00:00:00+00:00,126156,87884,3398,30345,260,156,6,0,181.0,128.43,6.57,4335.0,2021-05-20T15:34:59.157Z
448,2021-05-21 00:00:00+00:00,126434,88048,3402,30345,278,164,4,0,196.43,132.71,6.43,4335.0,2021-05-21T16:33:27.102Z
449,2021-05-22 00:00:00+00:00,126651,88190,3408,30345,217,142,6,0,208.14,136.71,6.43,4335.0,2021-05-22T17:14:11.857Z
450,2021-05-23 00:00:00+00:00,126860,88328,3415,30345,209,138,7,0,221.29,141.0,6.29,4335.0,2021-05-23T17:29:32.586Z
451,2021-05-24 00:00:00+00:00,127107,88479,3423,30345,247,151,8,0,231.71,145.86,6.43,4335.0,2021-05-24T15:41:23.924Z
452,2021-05-25 00:00:00+00:00,127361,88654,3430,30345,254,175,7,0,238.29,151.86,6.43,4335.0,2021-05-25T14:59:18.137Z
453,2021-05-26 00:00:00+00:00,127646,88843,3437,30345,285,189,7,0,250.0,159.29,6.43,4335.0,2021-05-26T15:49:39.022Z
454,2021-05-27 00:00:00+00:00,127926,89022,3445,30345,280,179,8,0,252.86,162.57,6.71,4335.0,2021-05-27T16:52:40.039Z
455,2021-05-28 00:00:00+00:00,128198,89214,3452,30345,272,192,7,0,252.0,166.57,7.14,4335.0,2021-05-28T16:49:22.958Z
456,2021-05-29 00:00:00+00:00,128456,89401,3457,30345,258,187,5,0,257.86,173.0,7.0,4335.0,2021-05-29T17:10:08.204Z
457,2021-05-30 00:00:00+00:00,128725,89607,3462,30345,269,206,5,0,266.43,182.71,6.71,4335.0,2021-05-30T17:08:06.408Z
458,2021-05-31 00:00:00+00:00,129013,89821,3469,30345,288,214,7,0,272.29,191.71,6.57,4335.0,2021-05-31T16:53:20.345Z
459,2021-06-01 00:00:00+00:00,129318,90039,3477,30345,305,218,8,0,279.57,197.86,6.71,4335.0,2021-06-01T17:51:35.675Z
460,2021-06-02 00:00:00+00:00,129640,90263,3487,30345,322,224,10,0,284.86,202.86,7.14,4335.0,2021-06-02T17:09:06.188Z
461,2021-06-03 00:00:00+00:00,129976,90499,3494,30345,336,236,7,0,292.86,211.0,7.0,4335.0,2021-06-03T17:25:47.266Z
462,2021-06-04 00:00:00+00:00,130361,90749,3501,30345,385,250,7,0,309.0,219.29,7.0,4335.0,2021-06-04T15:46:42.591Z
463,2021-06-05 00:00:00+00:00,130958,91180,3515,30345,277,203,8,0,319.0,224.71,7.57,4335.0,2021-06-06T17:43:32.460Z
464,2021-06-06 00:00:00+00:00,130958,91180,3515,30345,277,203,8,0,319.0,224.71,7.57,4335.0,2021-06-07T11:51:58.107Z
465,2021-06-07 00:00:00+00:00,131283,91395,3524,30345,325,215,9,0,324.29,224.86,7.86,4335.0,2021-06-07T15:26:51.753Z
466,2021-06-08 00:00:00+00:00,131647,91633,3534,30345,364,238,10,0,332.71,227.71,8.14,4335.0,2021-06-08T20:06:47.495Z
467,2021-06-09 00:00:00+00:00,132034,91876,3541,30345,387,243,7,0,342.0,230.43,7.71,4335.0,2021-06-09T15:37:32.609Z
468,2021-06-10 00:00:00+00:00,132355,92114,3549,30345,321,238,8,0,339.86,230.71,7.86,4335.0,2021-06-10T15:31:12.181Z
469,2021-06-11 00:00:00+00:00,132727,92366,3557,30345,372,252,8,0,338.0,231.0,8.0,4335.0,2021-06-11T15:31:35.981Z
470,2021-06-12 00:00:00+00:00,133070,92602,3562,30345,343,236,5,0,341.29,232.14,7.86,4335.0,2021-06-12T16:02:27.137Z
471,2021-06-13 00:00:00+00:00,133388,92834,3568,30345,318,232,6,0,347.14,236.29,7.57,4335.0,2021-06-13T15:56:16.539Z
472,2021-06-14 00:00:00+00:00,133742,93076,3576,30345,354,242,8,0,351.29,240.14,7.43,4335.0,2021-06-14T15:08:12.537Z
473,2021-06-15 00:00:00+00:00,134115,93337,3585,30345,373,261,9,0,352.57,243.43,7.29,4335.0,2021-06-15T15:59:18.383Z
474,2021-06-16 00:00:00+00:00,134458,93568,3595,30345,343,231,10,0,346.29,241.71,7.71,4335.0,2021-06-16T16:52:09.834Z
475,2021-06-17 00:00:00+00:00,134840,93813,3602,30345,382,245,7,0,355.0,242.71,7.57,4335.0,2021-06-17T16:46:48.407Z
476,2021-06-18 00:00:00+00:00,135219,94075,3612,30345,379,262,10,0,356.0,244.14,7.86,4335.0,2021-06-18T15:57:14.316Z
477,2021-06-19 00:00:00+00:00,135586,94318,3621,30345,367,243,9,0,359.43,245.14,8.43,4335.0,2021-06-19T15:35:44.709Z
478,2021-06-20 00:00:00+00:00,135928,94553,3628,30345,342,235,7,0,362.86,245.57,8.57,4335.0,2021-06-20T16:00:51.586Z
479,2021-06-21 00:00:00+00:00,136294,94804,3638,30345,366,251,10,0,364.57,246.86,8.86,4335.0,2021-06-21T15:41:56.420Z
480,2021-06-22 00:00:00+00:00,136679,95066,3647,30345,385,262,9,0,366.29,247.0,8.86,4335.0,2021-06-22T17:51:55.192Z
481,2021-06-23 00:00:00+00:00,137049,95313,3657,30345,370,247,10,0,370.14,249.29,8.86,4335.0,2021-06-23T17:55:59.573Z
482,2021-06-24 00:00:00+00:00,137403,95581,3666,30345,354,268,9,0,366.14,252.57,9.14,4335.0,2021-06-24T15:59:09.280Z
483,2021-06-25 00:00:00+00:00,137772,95860,3675,30345,369,279,9,0,364.71,255.0,9.0,4335.0,2021-06-25T15:52:49.403Z
484,2021-06-26 00:00:00+00:00,138113,96090,3682,30345,341,230,7,0,361.0,253.14,8.71,4335.0,2021-06-26T20:31:15.880Z
485,2021-06-27 00:00:00+00:00,138465,96317,3690,30345,352,227,8,0,362.43,252.0,8.86,4335.0,2021-06-27T15:41:32.637Z
486,2021-06-28 00:00:00+00:00,138840,96554,3696,30345,375,237,6,0,363.71,250.0,8.29,4335.0,2021-06-28T15:58:51.093Z
487,2021-06-29 00:00:00+00:00,139229,96797,3705,30345,389,243,9,0,364.29,247.29,8.29,4335.0,2021-06-29T18:05:17.475Z
488,2021-06-30 00:00:00+00:00,139626,97071,3713,30345,397,274,8,0,368.14,251.14,8.0,4335.0,2021-06-30T18:30:52.727Z
489,2021-07-01 00:00:00+00:00,140075,97362,3723,30345,449,291,10,0,381.71,254.43,8.14,4335.0,2021-07-01T16:06:24.048Z
490,2021-07-02 00:00:00+00:00,140550,97683,3732,30345,475,321,9,0,396.86,260.43,8.14,4335.0,2021-07-03T12:32:16.066Z
491,2021-07-03 00:00:00+00:00,141007,98013,3742,30345,457,330,10,0,413.43,274.71,8.57,4335.0,2021-07-03T15:24:28.114Z
492,2021-07-04 00:00:00+00:00,141471,98369,3752,30345,464,356,10,0,429.43,293.14,8.86,4335.0,2021-07-04T17:02:48.848Z
493,2021-07-05 00:00:00+00:00,141966,98730,3762,30345,495,361,10,0,446.57,310.86,9.43,4335.0,2021-07-05T16:45:03.559Z
494,2021-07-06 00:00:00+00:00,142447,99083,3772,30345,481,353,10,0,459.71,326.57,9.57,4335.0,2021-07-06T17:02:05.602Z
495,2021-07-07 00:00:00+00:00,143032,99492,3783,30345,585,409,11,0,486.57,345.86,10.0,4335.0,2021-07-07T16:02:39.665Z
496,2021-07-08 00:00:00+00:00,143652,99913,3795,30345,620,421,12,0,511.0,364.43,10.29,4335.0,2021-07-08T15:57:38.307Z
497,2021-07-09 00:00:00+00:00,144483,100365,3808,30345,831,452,13,0,561.86,383.14,10.86,4335.0,2021-07-09T15:59:02.871Z
498,2021-07-10 00:00:00+00:00,145296,100893,3821,30345,813,528,13,0,612.71,411.43,11.29,4335.0,2021-07-10T16:49:59.780Z
499,2021-07-11 00:00:00+00:00,146082,101412,3833,30345,786,519,12,0,658.71,434.71,11.57,4335.0,2021-07-11T15:53:31.520Z
500,2021-07-12 00:00:00+00:00,146960,101992,3848,30345,878,580,15,0,713.43,466.0,12.29,4335.0,2021-07-12T16:41:20.125Z
501,2021-07-13 00:00:00+00:00,147883,102576,3864,30345,923,584,16,0,776.57,499.0,13.14,4335.0,2021-07-13T15:47:38.516Z
502,2021-07-14 00:00:00+00:00,148797,103174,3879,30345,914,598,15,0,823.57,526.0,13.71,4335.0,2021-07-14T15:56:09.275Z
503,2021-07-15 00:00:00+00:00,149906,103791,3892,30345,1109,617,13,0,893.43,554.0,13.86,4335.0,2021-07-15T15:53:06.620Z
504,2021-07-16 00:00:00+00:00,151103,104379,3907,30345,1197,588,15,0,945.71,573.43,14.14,4335.0,2021-07-16T16:00:20.742Z
505,2021-07-17 00:00:00+00:00,152210,104974,3919,30345,1107,595,12,0,987.71,583.0,14.0,4335.0,2021-07-17T16:47:41.970Z
506,2021-07-18 00:00:00+00:00,153309,105586,3935,30345,1099,612,16,0,1032.43,596.29,14.57,4335.0,2021-07-18T18:53:11.362Z
507,2021-07-19 00:00:00+00:00,154486,106319,3953,30345,1177,733,18,0,1075.14,618.14,15.0,4335.0,2021-07-19T15:53:02.249Z
508,2021-07-20 00:00:00+00:00,155784,107023,3976,30345,1298,704,23,0,1128.71,635.29,16.0,4335.0,2021-07-20T21:07:05.035Z
509,2021-07-21 00:00:00+00:00,157005,107758,3991,30345,1221,735,15,0,1172.57,654.86,16.0,4335.0,2021-07-21T17:00:59.632Z
510,2021-07-22 00:00:00+00:00,158213,108519,4005,30345,1208,761,14,0,1186.71,675.43,16.14,4335.0,2021-07-22T15:55:17.070Z
511,2021-07-23 00:00:00+00:00,159563,109331,4023,30345,1350,812,18,0,1208.57,707.43,16.57,4335.0,2021-07-23T16:47:42.283Z
512,2021-07-24 00:00:00+00:00,160868,109933,4039,30345,1305,602,16,0,1236.86,708.43,17.14,4335.0,2021-07-24T16:40:52.455Z
513,2021-07-25 00:00:00+00:00,162155,110559,4060,30345,1287,626,21,0,1263.71,710.43,17.86,4335.0,2021-07-25T16:39:38.729Z
514,2021-07-26 00:00:00+00:00,163660,111304,4084,30345,1505,745,24,0,1310.57,712.14,18.71,4335.0,2021-07-26T17:15:52.960Z
515,2021-07-27 00:00:00+00:00,165204,112032,4109,30345,1544,728,25,0,1345.71,715.57,19.0,4335.0,2021-07-27T18:06:29.740Z
516,2021-07-28 00:00:00+00:00,167131,112882,4158,30345,1927,850,49,0,1446.57,732.0,23.86,4335.0,2021-07-28T19:08:04.105Z
517,2021-07-29 00:00:00+00:00,168668,113689,4186,30345,1537,807,28,0,1493.57,738.57,25.86,4335.0,2021-07-29T20:26:21.877Z
518,2021-07-30 00:00:00+00:00,170189,114513,4216,30345,1521,824,30,0,1518.0,740.29,27.57,4335.0,2021-07-30T18:52:56.713Z
519,2021-07-31 00:00:00+00:00,171392,115258,4251,30345,1203,745,35,0,1503.43,760.71,30.29,4335.0,2021-08-01T21:15:38.985Z
520,2021-08-01 00:00:00+00:00,172564,115991,4288,30345,1172,733,37,0,1487.0,776.0,32.57,4335.0,2021-08-01T21:23:05.509Z
521,2021-08-02 00:00:00+00:00,173922,116752,4326,30345,1358,761,38,0,1466.0,778.29,34.57,4335.0,2021-08-02T17:49:38.852Z
522,2021-08-03 00:00:00+00:00,175229,117539,4367,30345,1307,787,41,0,1424.86,790.43,37.29,4335.0,2021-08-03T20:41:27.364Z
523,2021-08-04 00:00:00+00:00,176724,118391,4401,30345,1495,852,34,0,1363.14,790.71,35.14,4335.0,2021-08-04T19:33:50.839Z
524,2021-08-05 00:00:00+00:00,178013,119134,4438,30345,1289,743,37,0,1327.71,781.57,36.43,4335.0,2021-08-05T20:43:11.759Z
525,2021-08-06 00:00:00+00:00,179216,119870,4484,30345,1203,736,46,0,1282.29,769.0,38.71,4335.0,2021-08-06T18:01:27.391Z
526,2021-08-07 00:00:00+00:00,180356,120626,4517,30345,1140,756,33,0,1273.29,770.57,38.43,4335.0,2021-08-07T20:34:45.432Z
527,2021-08-08 00:00:00+00:00,181376,121335,4547,30345,1020,709,30,0,1251.57,767.14,37.43,4335.0,2021-08-08T17:50:03.242Z
528,2021-08-09 00:00:00+00:00,182368,122056,4575,30345,992,721,28,0,1206.57,757.71,35.57,4335.0,2021-08-09T18:09:35.886Z
529,2021-08-10 00:00:00+00:00,183347,122741,4615,30345,979,685,40,0,1159.71,743.14,35.43,4335.0,2021-08-10T16:51:34.846Z
530,2021-08-11 00:00:00+00:00,184191,123416,4651,30345,844,675,36,0,1066.71,717.86,35.71,4335.0,2021-08-11T20:32:28.363Z
531,2021-08-12 00:00:00+00:00,185042,124069,4692,30345,851,653,41,0,1004.14,705.0,36.29,4335.0,2021-08-13T13:42:09.253Z
532,2021-08-13 00:00:00+00:00,185907,124737,4727,30345,865,668,35,0,955.86,695.29,34.71,4335.0,2021-08-13T20:44:36.499Z
533,2021-08-14 00:00:00+00:00,186660,125365,4763,30345,753,628,36,0,900.57,677.0,35.14,4335.0,2021-08-14T18:06:58.998Z
534,2021-08-15 00:00:00+00:00,187263,125988,4791,30345,603,623,28,0,841.0,664.71,34.86,4335.0,2021-08-15T21:17:58.865Z
535,2021-08-16 00:00:00+00:00,187973,126623,4827,30345,710,635,36,0,800.71,652.43,36.0,4335.0,2021-08-16T18:08:12.110Z
536,2021-08-17 00:00:00+00:00,188668,127238,4864,30345,695,615,37,0,760.14,642.43,35.57,4335.0,2021-08-17T17:35:58.596Z
537,2021-08-18 00:00:00+00:00,189389,127866,4895,30345,721,628,31,0,742.57,635.71,34.86,4335.0,2021-08-18T17:42:09.825Z
538,2021-08-19 00:00:00+00:00,190084,128478,4926,30345,695,612,31,0,720.29,629.86,33.43,4335.0,2021-08-19T16:44:20.858Z
539,2021-08-20 00:00:00+00:00,190662,129031,4958,30345,578,553,32,0,679.29,613.43,33.0,4335.0,2021-08-20T19:24:41.654Z
540,2021-08-21 00:00:00+00:00,191177,129517,4985,30345,515,486,27,0,645.29,593.14,31.71,4335.0,2021-08-21T16:15:53.917Z
541,2021-08-22 00:00:00+00:00,191589,129912,5005,30345,412,395,20,0,618.0,560.57,30.57,4335.0,2021-08-22T17:50:52.391Z
542,2021-08-23 00:00:00+00:00,192095,130313,5035,30345,506,401,30,0,588.86,527.14,29.71,4335.0,2021-08-23T18:17:27.882Z
543,2021-08-24 00:00:00+00:00,192632,130704,5064,30345,537,391,29,0,566.29,495.14,28.57,4335.0,2021-08-24T19:32:10.665Z
544,2021-08-25 00:00:00+00:00,193177,131105,5100,30345,545,401,36,0,541.14,462.71,29.29,4335.0,2021-08-25T19:33:57.411Z
545,2021-08-26 00:00:00+00:00,193680,131496,5125,30345,503,391,25,0,513.71,431.14,28.43,4335.0,2021-08-26T21:27:29.397Z
546,2021-08-27 00:00:00+00:00,194192,131881,5152,30345,512,385,27,0,504.29,407.14,27.71,4335.0,2021-08-27T18:36:11.736Z
547,2021-08-28 00:00:00+00:00,194677,132252,5183,30345,485,371,31,0,500.0,390.71,28.29,4335.0,2021-08-28T19:20:15.333Z
548,2021-08-29 00:00:00+00:00,195168,132628,5213,30345,491,376,30,0,511.29,388.0,29.71,4335.0,2021-08-29T20:17:32.566Z
549,2021-08-30 00:00:00+00:00,195580,132998,5244,30345,412,370,31,0,497.86,383.57,29.86,4335.0,2021-08-30T21:33:17.714Z
550,2021-08-31 00:00:00+00:00,196086,133356,5273,30345,506,358,29,0,493.43,378.86,29.86,4335.0,2021-08-31T19:51:40.317Z
551,2021-09-01 00:00:00+00:00,196533,133700,5306,30345,447,344,33,0,479.43,370.71,29.43,4335.0,2021-09-01T20:02:10.938Z
552,2021-09-02 00:00:00+00:00,196921,134034,5343,30345,388,334,37,0,463.0,362.57,31.14,4335.0,2021-09-02T17:14:17.030Z
553,2021-09-03 00:00:00+00:00,197314,134351,5377,30345,393,317,34,0,446.0,352.86,32.14,4335.0,2021-09-03T21:53:42.232Z
554,2021-09-04 00:00:00+00:00,197665,134636,5403,30345,351,285,26,0,426.86,340.57,31.43,4335.0,2021-09-04T18:10:06.424Z
555,2021-09-05 00:00:00+00:00,198010,134919,5424,30345,345,283,21,0,406.0,327.29,30.14,4335.0,2021-09-05T17:02:34.027Z
556,2021-09-06 00:00:00+00:00,198319,135193,5449,30345,309,274,25,0,391.29,313.57,29.29,4335.0,2021-09-06T17:17:21.237Z
557,2021-09-07 00:00:00+00:00,198651,135457,5475,30345,332,264,26,0,366.43,300.14,28.86,4335.0,2021-09-07T17:07:58.491Z
558,2021-09-08 00:00:00+00:00,198968,135715,5502,30345,317,258,27,0,347.86,287.86,28.0,4335.0,2021-09-09T09:16:24.220Z
559,2021-09-09 00:00:00+00:00,199281,135990,5523,30345,313,275,21,0,337.14,279.43,25.71,4335.0,2021-09-09T17:36:16.400Z
